[{"model": "accesslevel.accesslevelsubject", "pk": 1, "fields": {"created": "2020-12-09T07:36:55.369Z", "modified": "2021-08-01T11:47:55.931Z", "name": "support", "icon": "access_level_subjects/support/icon/support.png", "hovered_icon": "access_level_subjects/support/hovered_icon/support.png", "large_icon": "access_level_subjects/support/large_icon/Support.png", "large_hovered_icon": "access_level_subjects/support/large_hovered_icon/Support-hover.png", "display_name": "پشتیبانی", "display_name_eng": "Support", "importance": 9, "description": "این کارت برای امور پشتیبانی از جمله تیکت تشکیل شده است", "index": 10.0}}, {"model": "accesslevel.accesslevelsubject", "pk": 2, "fields": {"created": "2020-12-09T07:51:57.106Z", "modified": "2021-08-01T11:44:21.548Z", "name": "import", "icon": "access_level_subjects/import/icon/import_5zNnXaD.png", "hovered_icon": "access_level_subjects/import/hovered_icon/import.png", "large_icon": "access_level_subjects/import/large_icon/import.png", "large_hovered_icon": "access_level_subjects/import/large_hovered_icon/import-hover.png", "display_name": "واردات", "display_name_eng": "Import", "importance": 1, "description": "سطح دسترسی‌های مربوط به موضوع واردات اینجا هندل می‌شود", "index": 1.0}}, {"model": "accesslevel.accesslevelsubject", "pk": 3, "fields": {"created": "2020-12-10T05:26:16.735Z", "modified": "2021-08-01T11:46:27.042Z", "name": "accesslevel", "icon": "access_level_subjects/accesslevel/icon/shield.png", "hovered_icon": "access_level_subjects/accesslevel/hovered_icon/shield.png", "large_icon": "access_level_subjects/accesslevel/large_icon/Access_level.png", "large_hovered_icon": "access_level_subjects/accesslevel/large_hovered_icon/Access_level-hover.png", "display_name": "کاربران و سطح دسترسی", "display_name_eng": "Users", "importance": 10, "description": "سطح دسترسی کاربران در این موضوع هندل می‌شود", "index": 8.0}}, {"model": "accesslevel.accesslevelsubject", "pk": 5, "fields": {"created": "2021-01-11T05:04:29.602Z", "modified": "2021-08-01T11:44:39.944Z", "name": "internal", "icon": "access_level_subjects/internal/icon/internal_GYi2hHh.png", "hovered_icon": "access_level_subjects/internal/hovered_icon/internal.png", "large_icon": "access_level_subjects/internal/large_icon/Internal.png", "large_hovered_icon": "access_level_subjects/internal/large_hovered_icon/Internal-hover.png", "display_name": "داخلی", "display_name_eng": "Internal", "importance": 10, "description": "", "index": 3.0}}, {"model": "accesslevel.accesslevelsubject", "pk": 6, "fields": {"created": "2021-02-27T06:16:59.804Z", "modified": "2021-10-19T07:05:39.352Z", "name": "site_management", "icon": "access_level_subjects/site_management/icon/settings-1.png", "hovered_icon": "access_level_subjects/site_management/hovered_icon/settings.png", "large_icon": "access_level_subjects/site_management/large_icon/Admin.png", "large_hovered_icon": "access_level_subjects/site_management/large_hovered_icon/Admin-hover.png", "display_name": "مدیریت سایت", "display_name_eng": "Management", "importance": 11, "description": "", "index": 11.0}}, {"model": "accesslevel.accesslevelsubject", "pk": 7, "fields": {"created": "2021-03-07T04:27:49.396Z", "modified": "2021-08-01T11:46:01.617Z", "name": "marketing", "icon": "access_level_subjects/marketing/icon/marketer.png", "hovered_icon": "access_level_subjects/marketing/hovered_icon/marketer.png", "large_icon": "access_level_subjects/marketing/large_icon/Marketer.png", "large_hovered_icon": "access_level_subjects/marketing/large_hovered_icon/Marketer-hover.png", "display_name": "بازاریاب", "display_name_eng": "Marketing", "importance": null, "description": "", "index": 6.0}}, {"model": "accesslevel.accesslevelsubject", "pk": 8, "fields": {"created": "2021-04-12T06:51:11.452Z", "modified": "2021-08-01T11:45:38.108Z", "name": "warehouse", "icon": "access_level_subjects/warehouse/icon/warehouse.png", "hovered_icon": "access_level_subjects/warehouse/hovered_icon/warehouse-h.png", "large_icon": "access_level_subjects/warehouse/large_icon/Warehouse.png", "large_hovered_icon": "access_level_subjects/warehouse/large_hovered_icon/Warehouse-hover.png", "display_name": "انبارداری", "display_name_eng": "Warehouse", "importance": 1, "description": "", "index": 5.0}}, {"model": "accesslevel.accesslevelsubject", "pk": 9, "fields": {"created": "2021-04-12T07:19:23.871Z", "modified": "2021-08-01T11:45:28.006Z", "name": "operation", "icon": "access_level_subjects/operation/icon/operation_director.png", "hovered_icon": "access_level_subjects/operation/hovered_icon/operation_director-h.png", "large_icon": "access_level_subjects/operation/large_icon/Operations.png", "large_hovered_icon": "access_level_subjects/operation/large_hovered_icon/Operations-hover.png", "display_name": "مدیریت عملیات", "display_name_eng": "Operation", "importance": 1, "description": "asda", "index": 4.0}}, {"model": "accesslevel.accesslevelsubject", "pk": 10, "fields": {"created": "2021-04-12T07:49:19.864Z", "modified": "2021-08-01T11:46:16.714Z", "name": "finance", "icon": "access_level_subjects/finance/icon/finance.png", "hovered_icon": "access_level_subjects/finance/hovered_icon/finance-h.png", "large_icon": "access_level_subjects/finance/large_icon/Financial.png", "large_hovered_icon": "access_level_subjects/finance/large_hovered_icon/Financial-hover.png", "display_name": "مالی", "display_name_eng": "Finance", "importance": 1, "description": "", "index": 7.0}}, {"model": "accesslevel.accesslevelsubject", "pk": 12, "fields": {"created": "2021-06-15T11:05:00.989Z", "modified": "2021-09-30T08:40:55.980Z", "name": "export", "icon": "access_level_subjects/export/icon/export.png", "hovered_icon": "access_level_subjects/export/hovered_icon/export-hover.png", "large_icon": "access_level_subjects/export/large_icon/export.png", "large_hovered_icon": "access_level_subjects/export/large_hovered_icon/export-hover.png", "display_name": "صادرات", "display_name_eng": "Export", "importance": null, "description": "", "index": 2.0}}, {"model": "accesslevel.accesslevelsubject", "pk": 14, "fields": {"created": "2021-08-31T06:54:01.485Z", "modified": "2021-08-31T07:03:04.850Z", "name": "home", "icon": "access_level_subjects/home/icon/Home_1.png", "hovered_icon": "access_level_subjects/home/hovered_icon/Home-hover_1.png", "large_icon": "access_level_subjects/home/large_icon/Home_1.png", "large_hovered_icon": "access_level_subjects/home/large_hovered_icon/Home-hover_1.png", "display_name": "خانه", "display_name_eng": "Home", "importance": null, "description": "", "index": 0.5}}, {"model": "accesslevel.accesslevelsubject", "pk": 15, "fields": {"created": "2021-10-19T07:05:03.869Z", "modified": "2021-11-23T05:24:26.286Z", "name": "Reports", "icon": "access_level_subjects/Reports/icon/Report_gray.png", "hovered_icon": "access_level_subjects/Reports/hovered_icon/Report_yellow.png", "large_icon": "access_level_subjects/Reports/large_icon/reports.png", "large_hovered_icon": "access_level_subjects/Reports/large_hovered_icon/reports_hover.png", "display_name": "گزارشات", "display_name_eng": "Reports", "importance": 9, "description": "", "index": 9.0}}, {"model": "accesslevel.accesslevelgroup", "pk": 1, "fields": {"created": "2020-12-09T07:36:55.371Z", "modified": "2022-02-24T06:20:13.666Z", "access_level_subject": 1, "name": "support_ticket", "display_name": "تیکت", "display_name_eng": "Ticketing", "description": "امور مربوطه به تیکت‌ها", "index": 30.0, "hide": false}}, {"model": "accesslevel.accesslevelgroup", "pk": 2, "fields": {"created": "2020-12-09T07:51:57.108Z", "modified": "2022-02-22T12:09:31.041Z", "access_level_subject": 2, "name": "import_register", "display_name": "ثبت سفارش واردات", "display_name_eng": "Add Order", "description": "امور مربوط به ثبت سفارش واردات توسط اپراتور", "index": 1.0, "hide": false}}, {"model": "accesslevel.accesslevelgroup", "pk": 3, "fields": {"created": "2020-12-09T07:51:57.110Z", "modified": "2022-02-23T05:19:26.756Z", "access_level_subject": 2, "name": "import_pricing", "display_name": "استعلام قیمت واردات", "display_name_eng": "Pricing", "description": "امور مربوط به استعلام قیمت واردات اینجا هندل می‌شوند", "index": 3.0, "hide": false}}, {"model": "accesslevel.accesslevelgroup", "pk": 5, "fields": {"created": "2020-12-09T07:51:57.112Z", "modified": "2022-02-22T12:10:38.600Z", "access_level_subject": 2, "name": "import_first_route", "display_name": "Booking", "display_name_eng": "Booking", "description": "انجام عملیات‌های مربوط به مسیر اول اینجا انجام می‌شود", "index": 5.0, "hide": false}}, {"model": "accesslevel.accesslevelgroup", "pk": 6, "fields": {"created": "2020-12-09T07:51:57.113Z", "modified": "2022-02-22T12:12:39.616Z", "access_level_subject": 2, "name": "import_report", "display_name": "گزارشگیری", "display_name_eng": "Report", "description": "گزارشگیری امور مربوط به واردات اینجا هندل می‌شود", "index": 15.0, "hide": false}}, {"model": "accesslevel.accesslevelgroup", "pk": 7, "fields": {"created": "2020-12-10T05:26:16.736Z", "modified": "2022-02-24T06:19:44.049Z", "access_level_subject": 3, "name": "accesslevel_management", "display_name": "مدیریت سطح دسترسی", "display_name_eng": "Access Level Mng", "description": "مدیریت سطح دسترسی افراد در این سطح هندل می‌شود", "index": 305.0, "hide": false}}, {"model": "accesslevel.accesslevelgroup", "pk": 8, "fields": {"created": "2020-12-10T05:26:16.738Z", "modified": "2022-02-24T06:20:36.076Z", "access_level_subject": 3, "name": "accesslevel_request", "display_name": "درخواست تغییر سطح دسترسی", "display_name_eng": "Change Access Level Request", "description": "درخواست سطح دسترسی برای کاربران اینجا هندل می‌شود", "index": 304.0, "hide": false}}, {"model": "accesslevel.accesslevelgroup", "pk": 9, "fields": {"created": "2020-12-13T04:42:27.342Z", "modified": "2022-02-24T06:12:21.772Z", "access_level_subject": 3, "name": "accesslevel_common_management", "display_name": "مدیریت سطح دسترسی‌های متداول", "display_name_eng": "Common Access Level Mng", "description": "", "index": 306.0, "hide": false}}, {"model": "accesslevel.accesslevelgroup", "pk": 10, "fields": {"created": "2020-12-23T07:01:13.709Z", "modified": "2022-02-23T05:36:00.173Z", "access_level_subject": 3, "name": "accesslevel_corporate_users", "display_name": "کاربرهای سازمانی", "display_name_eng": "Corporate Users", "description": "", "index": 302.0, "hide": false}}, {"model": "accesslevel.accesslevelgroup", "pk": 11, "fields": {"created": "2021-01-11T05:07:04.413Z", "modified": "2022-01-16T09:59:32.198Z", "access_level_subject": 6, "name": "site_management_pickup_delivery", "display_name": "مدیریت زون و هزینه پیکاپ و دلیوری", "display_name_eng": "Zone & Pickup/Delivery Cost", "description": "داخلی", "index": 933.0, "hide": false}}, {"model": "accesslevel.accesslevelgroup", "pk": 13, "fields": {"created": "2021-01-11T05:17:32.649Z", "modified": "2022-01-16T10:00:04.701Z", "access_level_subject": 6, "name": "site_management_transit", "display_name": "مدیریت مسیرها و هزینه حمل", "display_name_eng": null, "description": "داخلی", "index": 932.0, "hide": false}}, {"model": "accesslevel.accesslevelgroup", "pk": 14, "fields": {"created": "2021-01-21T05:41:50.569Z", "modified": "2022-02-26T05:37:49.222Z", "access_level_subject": 6, "name": "site_management_other_costs", "display_name": "مدیریت سایر هزینه‌ها", "display_name_eng": "Other Costs Mng", "description": "داخلی", "index": 934.0, "hide": false}}, {"model": "accesslevel.accesslevelgroup", "pk": 15, "fields": {"created": "2021-01-21T07:49:26.325Z", "modified": "2022-02-23T05:40:04.818Z", "access_level_subject": 1, "name": "support_contact_us", "display_name": "مدیریت تماس با ما", "display_name_eng": "Contact Us management", "description": "", "index": 32.0, "hide": false}}, {"model": "accesslevel.accesslevelgroup", "pk": 16, "fields": {"created": "2021-01-26T11:22:18.025Z", "modified": "2022-02-26T05:35:01.324Z", "access_level_subject": 6, "name": "site_management_services", "display_name": "مدیریت سرویس‌ها", "display_name_eng": "Services Mng", "description": "داخلی", "index": 931.0, "hide": false}}, {"model": "accesslevel.accesslevelgroup", "pk": 17, "fields": {"created": "2021-02-01T10:59:21.721Z", "modified": "2022-01-16T09:59:06.361Z", "access_level_subject": 6, "name": "site_management_office_shift_services", "display_name": "مدیریت شیفت‌ها و سرویس‌های دفاتر", "display_name_eng": "Shift & Services Mng", "description": "داخلی", "index": 930.0, "hide": false}}, {"model": "accesslevel.accesslevelgroup", "pk": 18, "fields": {"created": "2021-02-03T08:42:51.349Z", "modified": "2022-02-24T06:19:02.022Z", "access_level_subject": 5, "name": "internal_contract", "display_name": "قراردادهای داخلی", "display_name_eng": "Internal COntracts", "description": "", "index": 201.0, "hide": false}}, {"model": "accesslevel.accesslevelgroup", "pk": 19, "fields": {"created": "2021-02-27T06:16:59.819Z", "modified": "2022-02-26T05:37:40.015Z", "access_level_subject": 6, "name": "site_management_office", "display_name": "مدیریت دفاتر", "display_name_eng": "Offices Mng", "description": "دفاتر", "index": 921.0, "hide": false}}, {"model": "accesslevel.accesslevelgroup", "pk": 20, "fields": {"created": "2021-02-27T06:23:33.489Z", "modified": "2021-04-12T07:20:47.503Z", "access_level_subject": 9, "name": "operation_manifest_pickup_delivery", "display_name": "مانیفست پیکاپ و دلیوری", "display_name_eng": "Pickup/Delivery Manifest", "description": "", "index": null, "hide": false}}, {"model": "accesslevel.accesslevelgroup", "pk": 21, "fields": {"created": "2021-02-27T06:23:33.490Z", "modified": "2021-04-12T07:20:56.732Z", "access_level_subject": 9, "name": "operation_manifest_transit", "display_name": "مانیفست حمل", "display_name_eng": null, "description": "", "index": null, "hide": false}}, {"model": "accesslevel.accesslevelgroup", "pk": 22, "fields": {"created": "2021-03-01T06:14:39.401Z", "modified": "2022-02-22T12:10:23.308Z", "access_level_subject": 2, "name": "import_customer_approval", "display_name": "تایید مشتری", "display_name_eng": "Customer approval", "description": "", "index": 4.0, "hide": false}}, {"model": "accesslevel.accesslevelgroup", "pk": 23, "fields": {"created": "2021-03-04T05:56:23.381Z", "modified": "2022-02-22T12:11:09.259Z", "access_level_subject": 2, "name": "import_waybill_list", "display_name": "waybills to enter hub", "display_name_eng": "Waybills to enter hub", "description": "", "index": 6.0, "hide": false}}, {"model": "accesslevel.accesslevelgroup", "pk": 24, "fields": {"created": "2021-03-07T04:27:49.399Z", "modified": "2021-03-07T04:27:49.399Z", "access_level_subject": 7, "name": "marketing_myreminders", "display_name": "یادآورهای من", "display_name_eng": null, "description": "", "index": null, "hide": false}}, {"model": "accesslevel.accesslevelgroup", "pk": 25, "fields": {"created": "2021-03-07T04:28:05.305Z", "modified": "2021-04-12T03:47:30.023Z", "access_level_subject": 7, "name": "marketing_marketers", "display_name": "بازاریاب‌های شعبه", "display_name_eng": null, "description": "", "index": null, "hide": false}}, {"model": "accesslevel.accesslevelgroup", "pk": 26, "fields": {"created": "2021-03-07T05:42:21.658Z", "modified": "2021-04-14T05:47:15.743Z", "access_level_subject": 7, "name": "marketing_users", "display_name": "مشتریان من", "display_name_eng": "My Customers", "description": "", "index": null, "hide": false}}, {"model": "accesslevel.accesslevelgroup", "pk": 27, "fields": {"created": "2021-03-14T04:47:48.305Z", "modified": "2022-02-22T12:12:04.550Z", "access_level_subject": 2, "name": "import_manifesting", "display_name": "مانیفست بندی واردات", "display_name_eng": "Manifesting", "description": "", "index": 8.0, "hide": false}}, {"model": "accesslevel.accesslevelgroup", "pk": 29, "fields": {"created": "2021-03-27T08:55:36.529Z", "modified": "2022-02-22T12:17:13.242Z", "access_level_subject": 2, "name": "import_anonymous", "display_name": "سفارشات گمنام", "display_name_eng": "Anonymous(sediment)", "description": "", "index": 7.0, "hide": false}}, {"model": "accesslevel.accesslevelgroup", "pk": 30, "fields": {"created": "2021-04-03T10:01:10.484Z", "modified": "2022-02-23T05:24:42.010Z", "access_level_subject": 6, "name": "site_management_support_zones", "display_name": "مدیریت پوشش کشورها و زون ها", "display_name_eng": "Import/Export Zones", "description": "واردات", "index": 910.0, "hide": false}}, {"model": "accesslevel.accesslevelgroup", "pk": 31, "fields": {"created": "2021-04-05T03:53:57.521Z", "modified": "2021-06-07T04:26:20.511Z", "access_level_subject": 2, "name": "import_manifest_groups_hub", "display_name": "manifest check", "display_name_eng": "Manifest Check", "description": "", "index": 9.0, "hide": false}}, {"model": "accesslevel.accesslevelgroup", "pk": 32, "fields": {"created": "2021-04-05T04:01:08.319Z", "modified": "2022-02-23T05:20:06.020Z", "access_level_subject": 2, "name": "import_last_pricing", "display_name": "قیمت‌دهی نهایی", "display_name_eng": "Final Pricing", "description": "", "index": 11.0, "hide": false}}, {"model": "accesslevel.accesslevelgroup", "pk": 33, "fields": {"created": "2021-04-07T07:02:08.321Z", "modified": "2021-04-12T07:17:50.138Z", "access_level_subject": 7, "name": "marketing_all_users", "display_name": "لیست مشتریان شعبه", "display_name_eng": null, "description": "", "index": null, "hide": false}}, {"model": "accesslevel.accesslevelgroup", "pk": 34, "fields": {"created": "2021-04-12T03:48:47.293Z", "modified": "2021-04-12T03:48:47.293Z", "access_level_subject": 7, "name": "marketing_commision_rules", "display_name": "مدیریت کمیسیون فروش", "display_name_eng": null, "description": "", "index": null, "hide": false}}, {"model": "accesslevel.accesslevelgroup", "pk": 35, "fields": {"created": "2021-04-12T03:57:40.767Z", "modified": "2021-04-12T03:57:40.767Z", "access_level_subject": 7, "name": "marketing_office_commision", "display_name": "کمیسیون فروش شعبه من", "display_name_eng": null, "description": "", "index": null, "hide": false}}, {"model": "accesslevel.accesslevelgroup", "pk": 37, "fields": {"created": "2021-04-12T07:21:50.760Z", "modified": "2021-04-12T07:21:50.760Z", "access_level_subject": 9, "name": "operation_pickupman_management", "display_name": "مدیریت تحصیلداران شعبه", "display_name_eng": null, "description": "", "index": null, "hide": false}}, {"model": "accesslevel.accesslevelgroup", "pk": 38, "fields": {"created": "2021-04-12T07:22:11.157Z", "modified": "2021-04-12T07:22:11.157Z", "access_level_subject": 9, "name": "operation_manage_vehicles", "display_name": "مدیریت وسایل نقلیه شعبه", "display_name_eng": null, "description": "", "index": null, "hide": false}}, {"model": "accesslevel.accesslevelgroup", "pk": 39, "fields": {"created": "2021-04-12T07:24:28.842Z", "modified": "2021-05-02T06:04:42.903Z", "access_level_subject": 8, "name": "warehouse_in_inperson", "display_name": "تحویل گرفتن حضوری از مشتری", "display_name_eng": null, "description": "", "index": null, "hide": false}}, {"model": "accesslevel.accesslevelgroup", "pk": 40, "fields": {"created": "2021-04-12T07:24:48.557Z", "modified": "2021-05-02T06:04:58.227Z", "access_level_subject": 8, "name": "warehouse_out_inperson", "display_name": "تحویل دادن حضوری به مشتری", "display_name_eng": null, "description": "", "index": null, "hide": false}}, {"model": "accesslevel.accesslevelgroup", "pk": 41, "fields": {"created": "2021-04-12T07:25:17.328Z", "modified": "2021-04-17T06:52:52.748Z", "access_level_subject": 8, "name": "warehouse_pd_manifest", "display_name": "ورود و خروج مانیفست پیکاپ", "display_name_eng": null, "description": "", "index": null, "hide": false}}, {"model": "accesslevel.accesslevelgroup", "pk": 42, "fields": {"created": "2021-04-12T07:25:47.150Z", "modified": "2021-04-12T07:25:47.150Z", "access_level_subject": 8, "name": "warehouse_inventory", "display_name": "موجودی انبار", "display_name_eng": null, "description": "", "index": null, "hide": false}}, {"model": "accesslevel.accesslevelgroup", "pk": 43, "fields": {"created": "2021-04-12T07:26:10.226Z", "modified": "2022-02-24T06:18:33.665Z", "access_level_subject": 8, "name": "warehouse_log", "display_name": "لاگ ورود و خروج به انبار", "display_name_eng": "in/out Log", "description": "", "index": null, "hide": false}}, {"model": "accesslevel.accesslevelgroup", "pk": 44, "fields": {"created": "2021-04-12T07:49:57.817Z", "modified": "2021-04-12T07:49:57.817Z", "access_level_subject": 10, "name": "finance_sale_commision", "display_name": "کمیسیون فروش شعبات", "display_name_eng": null, "description": "", "index": null, "hide": false}}, {"model": "accesslevel.accesslevelgroup", "pk": 45, "fields": {"created": "2021-04-12T07:50:38.223Z", "modified": "2021-06-24T07:10:22.046Z", "access_level_subject": 5, "name": "internal_commision", "display_name": "کمیسیون حمل شعبه من", "display_name_eng": null, "description": "", "index": 207.0, "hide": false}}, {"model": "accesslevel.accesslevelgroup", "pk": 46, "fields": {"created": "2021-04-12T07:50:58.465Z", "modified": "2021-04-12T07:50:58.465Z", "access_level_subject": 10, "name": "finance_commision", "display_name": "کمیسیون حمل شعبات", "display_name_eng": null, "description": "", "index": null, "hide": false}}, {"model": "accesslevel.accesslevelgroup", "pk": 50, "fields": {"created": "2021-04-13T10:28:13.126Z", "modified": "2021-04-13T10:28:13.126Z", "access_level_subject": 7, "name": "marketing_waybills", "display_name": "سفارشات بازاریابی شده", "display_name_eng": null, "description": "", "index": null, "hide": false}}, {"model": "accesslevel.accesslevelgroup", "pk": 51, "fields": {"created": "2021-04-14T12:21:46.582Z", "modified": "2022-02-26T05:37:59.668Z", "access_level_subject": 6, "name": "site_management_holidays", "display_name": "مدیریت تعطیلات رسمی", "display_name_eng": "Holidays Mng", "description": "جامع", "index": 905.0, "hide": false}}, {"model": "accesslevel.accesslevelgroup", "pk": 52, "fields": {"created": "2021-04-17T06:51:42.300Z", "modified": "2021-04-17T06:51:42.300Z", "access_level_subject": 8, "name": "warehouse_import_manifest_in", "display_name": "ورود مانیفست واردات", "display_name_eng": null, "description": "", "index": null, "hide": false}}, {"model": "accesslevel.accesslevelgroup", "pk": 53, "fields": {"created": "2021-04-17T06:53:18.253Z", "modified": "2021-04-17T06:53:18.253Z", "access_level_subject": 8, "name": "warehouse_transit_manifest", "display_name": "ورود و خروج مانیفست حمل", "display_name_eng": "Manifest IN/OUT", "description": "", "index": null, "hide": false}}, {"model": "accesslevel.accesslevelgroup", "pk": 54, "fields": {"created": "2021-04-18T10:10:19.486Z", "modified": "2022-02-22T12:17:44.187Z", "access_level_subject": 2, "name": "import_clearance", "display_name": "تحویل برگه ترخیص به مشتری", "display_name_eng": "Clearence", "description": "", "index": 10.0, "hide": false}}, {"model": "accesslevel.accesslevelgroup", "pk": 55, "fields": {"created": "2021-04-18T10:31:53.765Z", "modified": "2022-02-26T05:37:30.778Z", "access_level_subject": 6, "name": "site_management_category", "display_name": "مدیریت دسته و زیردسته بندی مرسولات", "display_name_eng": "Categories Mng", "description": "جامع", "index": 902.0, "hide": false}}, {"model": "accesslevel.accesslevelgroup", "pk": 57, "fields": {"created": "2021-04-18T10:32:30.810Z", "modified": "2021-11-27T10:31:36.000Z", "access_level_subject": 6, "name": "site_management_third_party_couriers", "display_name": "مدیریت حامل‌های بین‌الملل", "display_name_eng": null, "description": "واردات", "index": 911.0, "hide": false}}, {"model": "accesslevel.accesslevelgroup", "pk": 58, "fields": {"created": "2021-04-18T10:33:07.699Z", "modified": "2021-11-27T10:31:41.712Z", "access_level_subject": 6, "name": "site_management_origin_destination", "display_name": "مدیریت نقاط میانی واردات", "display_name_eng": null, "description": "واردات", "index": 912.0, "hide": false}}, {"model": "accesslevel.accesslevelgroup", "pk": 59, "fields": {"created": "2021-04-19T05:15:14.789Z", "modified": "2021-06-07T04:28:42.253Z", "access_level_subject": 1, "name": "support_tracking", "display_name": "رهگیری سفارش", "display_name_eng": null, "description": "", "index": 31.0, "hide": false}}, {"model": "accesslevel.accesslevelgroup", "pk": 61, "fields": {"created": "2021-04-19T05:16:25.522Z", "modified": "2022-02-22T12:09:42.987Z", "access_level_subject": 2, "name": "import_order_list", "display_name": "لیست تمامی سفارشات واردات", "display_name_eng": "Order List", "description": "", "index": 2.0, "hide": false}}, {"model": "accesslevel.accesslevelgroup", "pk": 62, "fields": {"created": "2021-04-19T05:16:41.989Z", "modified": "2021-06-24T07:09:06.310Z", "access_level_subject": 5, "name": "internal_order_list", "display_name": "لیست تمامی سفارشات داخلی", "display_name_eng": "Order List", "description": "", "index": 200.0, "hide": false}}, {"model": "accesslevel.accesslevelgroup", "pk": 63, "fields": {"created": "2021-04-19T09:23:57.567Z", "modified": "2021-04-19T09:23:57.567Z", "access_level_subject": 8, "name": "warehouse_import_manifest_out", "display_name": "import manifest out (for hub)", "display_name_eng": "Manifest Out (Hub)", "description": "", "index": null, "hide": false}}, {"model": "accesslevel.accesslevelgroup", "pk": 64, "fields": {"created": "2021-04-27T10:53:08.902Z", "modified": "2022-02-23T05:37:44.242Z", "access_level_subject": 3, "name": "accesslevel_site_users_management", "display_name": "مدیریت کاربران سایت", "display_name_eng": "Users management", "description": "", "index": 301.0, "hide": false}}, {"model": "accesslevel.accesslevelgroup", "pk": 66, "fields": {"created": "2021-05-05T05:19:15.034Z", "modified": "2021-05-05T05:24:50.151Z", "access_level_subject": 8, "name": "warehouse_packaging", "display_name": "بسته بندی پارت ها", "display_name_eng": "Packing", "description": "بسته بندی پارت های وارد شده به انبار جهت ارسال ساده تر", "index": null, "hide": false}}, {"model": "accesslevel.accesslevelgroup", "pk": 67, "fields": {"created": "2021-05-23T06:53:33.285Z", "modified": "2021-11-23T09:23:09.073Z", "access_level_subject": 6, "name": "site_management_sale_price", "display_name": "مدیریت حق فروش دفاتر", "display_name_eng": null, "description": "اختصاص حق فروش به شعبات", "index": 922.0, "hide": false}}, {"model": "accesslevel.accesslevelgroup", "pk": 68, "fields": {"created": "2021-06-08T11:29:44.774Z", "modified": "2022-02-24T06:12:04.019Z", "access_level_subject": 10, "name": "finance_factor", "display_name": "فاکتور مالی", "display_name_eng": "Finance Factor", "description": "فاکتور مالی", "index": 1.0, "hide": false}}, {"model": "accesslevel.accesslevelgroup", "pk": 70, "fields": {"created": "2021-06-13T04:04:08.825Z", "modified": "2021-06-24T07:06:08.480Z", "access_level_subject": 2, "name": "import_manifest_groups_assign", "display_name": "انتساب مانیفست به دلیورمن", "display_name_eng": "Assign Manifest Deliverman", "description": "", "index": 9.2, "hide": false}}, {"model": "accesslevel.accesslevelgroup", "pk": 71, "fields": {"created": "2021-06-14T09:29:01.753Z", "modified": "2022-02-24T06:29:59.480Z", "access_level_subject": 2, "name": "import_contrary_orders", "display_name": "فاکتور سفارشات مغایر", "display_name_eng": "Contrary Orders", "description": "", "index": 7.1, "hide": false}}, {"model": "accesslevel.accesslevelgroup", "pk": 72, "fields": {"created": "2021-06-21T04:58:27.220Z", "modified": "2022-02-22T12:12:18.922Z", "access_level_subject": 2, "name": "import_contracts", "display_name": "قراردادهای واردات", "display_name_eng": "Contracts", "description": "", "index": 11.3, "hide": false}}, {"model": "accesslevel.accesslevelgroup", "pk": 73, "fields": {"created": "2021-07-05T04:01:13.337Z", "modified": "2021-07-28T07:35:15.141Z", "access_level_subject": 2, "name": "import_path_details", "display_name": "مانیفست حمل واردات", "display_name_eng": null, "description": "", "index": 9.5, "hide": false}}, {"model": "accesslevel.accesslevelgroup", "pk": 76, "fields": {"created": "2021-07-07T05:45:37.276Z", "modified": "2022-02-23T05:40:24.494Z", "access_level_subject": 1, "name": "support_indicator", "display_name": "دفتر اندیکاتور", "display_name_eng": "Indicator", "description": "", "index": null, "hide": false}}, {"model": "accesslevel.accesslevelgroup", "pk": 77, "fields": {"created": "2021-07-14T06:21:58.365Z", "modified": "2022-02-26T05:37:11.516Z", "access_level_subject": 6, "name": "site_management_warehouse", "display_name": "مدیریت انبار‌ها", "display_name_eng": "Warehouses Mng", "description": "", "index": 923.0, "hide": false}}, {"model": "accesslevel.accesslevelgroup", "pk": 78, "fields": {"created": "2021-07-18T04:23:58.955Z", "modified": "2021-07-18T04:23:58.955Z", "access_level_subject": 8, "name": "warehouse_out_scan", "display_name": "اسکن خروج از انبار", "display_name_eng": "Out Scan", "description": "", "index": null, "hide": false}}, {"model": "accesslevel.accesslevelgroup", "pk": 79, "fields": {"created": "2021-07-24T09:05:04.665Z", "modified": "2022-02-26T05:37:05.376Z", "access_level_subject": 6, "name": "site_management_places/country", "display_name": "مدیریت کشورها ، استان‌ها  و شهرها", "display_name_eng": "Places Mng", "description": "جامع", "index": 901.0, "hide": false}}, {"model": "accesslevel.accesslevelgroup", "pk": 80, "fields": {"created": "2021-07-26T05:22:55.340Z", "modified": "2022-02-23T05:40:30.611Z", "access_level_subject": 1, "name": "support_voip", "display_name": "مرکز تلفن ویپ", "display_name_eng": "VOiP", "description": "", "index": null, "hide": false}}, {"model": "accesslevel.accesslevelgroup", "pk": 82, "fields": {"created": "2021-07-27T04:39:39.736Z", "modified": "2022-02-23T05:39:36.706Z", "access_level_subject": 15, "name": "reports_manage_offices", "display_name": "عملکرد دفاتر", "display_name_eng": "Offices reports", "description": "", "index": null, "hide": false}}, {"model": "accesslevel.accesslevelgroup", "pk": 83, "fields": {"created": "2021-07-31T05:07:11.055Z", "modified": "2021-07-31T05:07:22.804Z", "access_level_subject": 9, "name": "operation_all_orders_status", "display_name": "وضعیت تمامی سفارش ها", "display_name_eng": "Orders Status", "description": "", "index": null, "hide": false}}, {"model": "accesslevel.accesslevelgroup", "pk": 84, "fields": {"created": "2021-08-02T03:55:50.863Z", "modified": "2022-02-26T05:36:35.352Z", "access_level_subject": 6, "name": "site_management_advertising_campaign/list", "display_name": "کمپین تبلیغاتی", "display_name_eng": "Ads Mng", "description": "جامع", "index": 908.0, "hide": false}}, {"model": "accesslevel.accesslevelgroup", "pk": 85, "fields": {"created": "2021-08-04T04:18:27.506Z", "modified": "2022-02-24T06:11:37.906Z", "access_level_subject": 9, "name": "operation_delivermen_tracking", "display_name": "ردیابی تحصیلداران", "display_name_eng": "Deliverman Tracking", "description": "", "index": null, "hide": false}}, {"model": "accesslevel.accesslevelgroup", "pk": 86, "fields": {"created": "2021-08-15T05:15:19.764Z", "modified": "2021-08-15T05:15:19.764Z", "access_level_subject": 9, "name": "operation_all_orders_grouping", "display_name": "وضعیت تمامی گروه‌بندی‌ها", "display_name_eng": null, "description": "", "index": null, "hide": false}}, {"model": "accesslevel.accesslevelgroup", "pk": 88, "fields": {"created": "2021-08-29T09:12:28.090Z", "modified": "2022-02-24T06:18:14.905Z", "access_level_subject": 1, "name": "support_sms_category", "display_name": "مدیریت پیامک ها", "display_name_eng": "SMS Mng", "description": "", "index": null, "hide": false}}, {"model": "accesslevel.accesslevelgroup", "pk": 89, "fields": {"created": "2021-09-08T05:31:53.063Z", "modified": "2022-02-23T05:36:12.467Z", "access_level_subject": 3, "name": "accesslevel_corporate_logs", "display_name": "لاگ ورود و خروج کاربران سازمانی", "display_name_eng": "Login logs", "description": "", "index": null, "hide": false}}, {"model": "accesslevel.accesslevelgroup", "pk": 91, "fields": {"created": "2021-09-11T08:02:30.439Z", "modified": "2022-02-24T06:10:33.754Z", "access_level_subject": 2, "name": "import_complete_pricing", "display_name": "تکمیل استعلام قیمت پیش سفارش", "display_name_eng": "Complete Pre order inquery", "description": "", "index": 4.1, "hide": false}}, {"model": "accesslevel.accesslevelgroup", "pk": 92, "fields": {"created": "2021-09-12T09:08:05.618Z", "modified": "2022-02-24T06:09:07.072Z", "access_level_subject": 15, "name": "reports_external_offices", "display_name": "گزارش عملکرد کل", "display_name_eng": "Total Performance Report", "description": "", "index": null, "hide": false}}, {"model": "accesslevel.accesslevelgroup", "pk": 93, "fields": {"created": "2021-09-23T04:46:33.022Z", "modified": "2022-02-23T05:35:02.556Z", "access_level_subject": 12, "name": "export_waybill_register", "display_name": "ثبت سفارش صادرات", "display_name_eng": "Add order", "description": "", "index": 401.0, "hide": false}}, {"model": "accesslevel.accesslevelgroup", "pk": 94, "fields": {"created": "2021-09-28T04:39:26.767Z", "modified": "2022-02-26T05:36:47.720Z", "access_level_subject": 6, "name": "site_management_notifications", "display_name": "مدیریت اعلان ها", "display_name_eng": "Notifications Mng", "description": "جامع", "index": 907.0, "hide": false}}, {"model": "accesslevel.accesslevelgroup", "pk": 95, "fields": {"created": "2021-09-30T05:10:01.251Z", "modified": "2022-02-23T05:35:23.121Z", "access_level_subject": 12, "name": "export_waybill_list", "display_name": "لیست تمامی سفارشات صادرات", "display_name_eng": "Order list", "description": "", "index": 402.0, "hide": false}}, {"model": "accesslevel.accesslevelgroup", "pk": 96, "fields": {"created": "2021-10-02T08:49:55.669Z", "modified": "2022-02-23T05:23:47.883Z", "access_level_subject": 6, "name": "site_management_user_birthday", "display_name": "مدیریت تولدها", "display_name_eng": "Birthdays", "description": "جامع", "index": 906.0, "hide": false}}, {"model": "accesslevel.accesslevelgroup", "pk": 97, "fields": {"created": "2021-10-21T06:50:51.658Z", "modified": "2022-02-24T06:09:55.932Z", "access_level_subject": 3, "name": "accesslevel_users_row_show", "display_name": "مدیریت دسترسی به اطلاعات", "display_name_eng": "Access to info Management", "description": "مدیریت دسترسی به اطلاعات", "index": null, "hide": false}}, {"model": "accesslevel.accesslevelgroup", "pk": 98, "fields": {"created": "2021-11-20T07:08:08.245Z", "modified": "2022-02-23T05:39:13.928Z", "access_level_subject": 15, "name": "user_performance_reports", "display_name": "گزارش عملکرد کاربران", "display_name_eng": "User performance", "description": "گزارش عملکرد کاربران", "index": null, "hide": false}}, {"model": "accesslevel.accesslevelgroup", "pk": 99, "fields": {"created": "2021-11-20T07:12:34.479Z", "modified": "2022-02-23T05:38:30.913Z", "access_level_subject": 15, "name": "customer_performance_reports", "display_name": "گزارش عملکرد مشتریان", "display_name_eng": "Customers performance", "description": "گزارش عملکرد مشتریان", "index": null, "hide": false}}, {"model": "accesslevel.accesslevelgroup", "pk": 100, "fields": {"created": "2021-11-28T06:13:16.299Z", "modified": "2022-02-26T05:36:57.150Z", "access_level_subject": 6, "name": "site_management_airport", "display_name": "مدیریت فرودگاه ها", "display_name_eng": "Airports Mng", "description": "", "index": 910.1, "hide": false}}, {"model": "accesslevel.accesslevelgroup", "pk": 101, "fields": {"created": "2022-01-16T09:14:29.969Z", "modified": "2022-02-23T05:35:31.568Z", "access_level_subject": 12, "name": "export_upload_files_list", "display_name": "آپلود فایل ها", "display_name_eng": "Files Upload", "description": "", "index": null, "hide": false}}, {"model": "accesslevel.accesslevelgroup", "pk": 102, "fields": {"created": "2022-01-16T09:15:54.797Z", "modified": "2022-02-23T05:16:01.612Z", "access_level_subject": 12, "name": "export_pricing", "display_name": "استعلام قیمت صادرات", "display_name_eng": "Pricing", "description": "", "index": null, "hide": false}}, {"model": "accesslevel.accesslevelgroup", "pk": 104, "fields": {"created": "2022-02-08T12:14:07.547Z", "modified": "2022-02-23T05:26:05.486Z", "access_level_subject": 6, "name": "site_management_currencies", "display_name": "ارزها", "display_name_eng": "Currencies", "description": "", "index": 908.5, "hide": false}}, {"model": "accesslevel.accesslevelgroup", "pk": 105, "fields": {"created": "2022-02-08T12:14:50.888Z", "modified": "2022-02-23T05:25:48.369Z", "access_level_subject": 6, "name": "site_management_changelog", "display_name": "تغییرات سیستم", "display_name_eng": "ChangeLogs", "description": "", "index": 938.0, "hide": false}}, {"model": "accesslevel.accesslevelgroup", "pk": 106, "fields": {"created": "2022-02-21T09:59:39.890Z", "modified": "2022-02-26T05:57:29.110Z", "access_level_subject": 2, "name": "waybills_from_uae_and_no_pickup", "display_name": "لیست تمامی سفارشات واردات3", "display_name_eng": "UAE NOT Pickup Orders", "description": "", "index": 2.2, "hide": false}}, {"model": "accesslevel.accesslevelgroup", "pk": 107, "fields": {"created": "2022-02-21T10:00:18.139Z", "modified": "2022-02-26T05:55:23.067Z", "access_level_subject": 2, "name": "waybills_not_from_uae_and_no_pickup", "display_name": "لیست تمامی سفارشات واردات3", "display_name_eng": "World NOT Pickup Orders", "description": "", "index": 2.3, "hide": false}}, {"model": "accesslevel.accesslevelgroup", "pk": 108, "fields": {"created": "2022-02-21T10:00:48.933Z", "modified": "2022-02-24T06:25:05.635Z", "access_level_subject": 2, "name": "waybills_from_uae_and_need_pickup", "display_name": "سفارشات امارات-با پیکآپ", "display_name_eng": "UAE Pickup Orders", "description": "", "index": 2.1, "hide": false}}, {"model": "accesslevel.accesslevelgroup", "pk": 109, "fields": {"created": "2022-03-10T08:02:01.440Z", "modified": "2022-03-10T08:02:01.440Z", "access_level_subject": 2, "name": "manifest_waybill_list", "display_name": "لیست سفارشات مانیفیست", "display_name_eng": "Manifest waybill list", "description": "", "index": null, "hide": false}}, {"model": "accesslevel.accesslevelgroup", "pk": 110, "fields": {"created": "2022-03-16T06:24:22.166Z", "modified": "2022-03-16T06:24:22.166Z", "access_level_subject": 5, "name": "internal_order_register", "display_name": "ثبت سفارش داخلی", "display_name_eng": "Add order", "description": "", "index": null, "hide": false}}, {"model": "accesslevel.accesslevelaction", "pk": 3, "fields": {"created": "2021-01-07T07:21:03.919Z", "modified": "2021-01-07T07:21:03.919Z", "access_level_group": 1, "name": "support_all_ticket", "display_name": "تاریخچه تیکت", "description": ""}}, {"model": "accesslevel.accesslevelaction", "pk": 4, "fields": {"created": "2021-02-27T07:32:25.128Z", "modified": "2021-02-27T07:32:25.128Z", "access_level_group": 3, "name": "first_ok", "display_name": "تایید اول استعلام قیمت", "description": ""}}, {"model": "accesslevel.accesslevelaction", "pk": 5, "fields": {"created": "2021-02-27T07:32:25.138Z", "modified": "2021-02-27T07:32:25.138Z", "access_level_group": 3, "name": "second_ok", "display_name": "تایید دوم استعلام قیمت", "description": ""}}, {"model": "accesslevel.accesslevelaction", "pk": 7, "fields": {"created": "2021-04-12T07:17:50.140Z", "modified": "2021-04-12T07:17:50.140Z", "access_level_group": 33, "name": "marketing_change_user_marketer", "display_name": "تغییر بازاریاب کاربرها", "description": ""}}, {"model": "accesslevel.accesslevelaction", "pk": 8, "fields": {"created": "2021-08-03T08:13:15.149Z", "modified": "2021-08-03T08:13:15.149Z", "access_level_group": 61, "name": "حذف سفارش سریع", "display_name": "حذف سفارش سریع", "description": "امکان حذف مجازی سفارشات سریع"}}, {"model": "accesslevel.accesslevelaction", "pk": 11, "fields": {"created": "2021-11-04T09:08:27.314Z", "modified": "2021-11-04T09:08:27.314Z", "access_level_group": 61, "name": "امکان دریافت فایل", "display_name": "امکان دریافت فایل", "description": "امکان دریافت فایل لیست سفارشات واردات"}}, {"model": "accesslevel.commonaccesslevelgroup", "pk": 15, "fields": {"created": "2021-01-25T07:48:29.137Z", "modified": "2021-04-19T05:17:11.272Z", "fname": "دولوپرها", "ename": "developers"}}, {"model": "accesslevel.commonaccesslevelgroup", "pk": 24, "fields": {"created": "2021-04-12T06:47:42.403Z", "modified": "2021-04-12T06:47:42.403Z", "fname": "عملیات", "ename": "operation"}}, {"model": "accesslevel.commonaccesslevelgroup", "pk": 25, "fields": {"created": "2021-04-12T06:47:53.321Z", "modified": "2021-04-12T06:48:08.594Z", "fname": "اداری", "ename": "office"}}, {"model": "accesslevel.commonaccesslevelgroup", "pk": 26, "fields": {"created": "2021-04-12T06:47:58.699Z", "modified": "2021-04-12T06:48:29.283Z", "fname": "هاب", "ename": "hub"}}, {"model": "accesslevel.commonaccesslevelgroup", "pk": 27, "fields": {"created": "2021-04-12T07:29:54.070Z", "modified": "2021-04-12T10:00:00.550Z", "fname": "انبارداری", "ename": "warehouse"}}, {"model": "accesslevel.commonaccesslevelgroup", "pk": 28, "fields": {"created": "2021-04-12T07:37:24.253Z", "modified": "2021-04-12T07:37:45.219Z", "fname": "مدیریت", "ename": "managers"}}, {"model": "accesslevel.commonaccesslevelgroup", "pk": 31, "fields": {"created": "2021-04-14T05:45:10.859Z", "modified": "2021-04-14T05:45:35.688Z", "fname": "مالی", "ename": "finance"}}, {"model": "accesslevel.commonaccesslevelgroup", "pk": 34, "fields": {"created": "2021-07-31T07:37:33.713Z", "modified": "2021-07-31T07:37:33.713Z", "fname": "واردات", "ename": "Import"}}, {"model": "accesslevel.commonaccesslevel", "pk": 15, "fields": {"created": "2021-01-25T08:00:38.112Z", "modified": "2022-02-21T10:04:38.929Z", "common_access_level_group": 15, "fname": "دولوپر ارشد", "ename": "Senior Developer", "description": "", "subjects": [2, 12, 5, 9, 8, 7, 10, 3, 15, 1, 6], "groups": [1, 2, 3, 5, 6, 7, 8, 9, 10, 11, 13, 14, 15, 16, 17, 18, 19, 20, 21, 22, 23, 24, 25, 26, 27, 29, 30, 31, 32, 33, 34, 35, 37, 38, 39, 40, 41, 42, 43, 44, 45, 46, 50, 51, 52, 53, 54, 55, 57, 58, 59, 61, 62, 63, 64, 66, 67, 68, 70, 71, 72, 73, 76, 77, 78, 79, 80, 82, 83, 84, 85, 86, 88, 89, 91, 92, 93, 94, 95, 96, 97, 98, 99, 100, 101, 102, 104, 105, 106, 107, 108, 109, 110], "actions": [3, 4, 5, 7, 8, 11]}}, {"model": "accesslevel.commonaccesslevel", "pk": 21, "fields": {"created": "2021-03-15T07:09:34.257Z", "modified": "2021-03-15T07:09:34.257Z", "common_access_level_group": null, "fname": "مالی خرد", "ename": "mali khord", "description": "zgsdasdfasd", "subjects": [1], "groups": [1], "actions": []}}, {"model": "accesslevel.commonaccesslevel", "pk": 22, "fields": {"created": "2021-04-12T05:09:27.344Z", "modified": "2021-04-12T05:09:27.344Z", "common_access_level_group": null, "fname": "کاربر مالی خرد", "ename": null, "description": "", "subjects": [1], "groups": [31], "actions": []}}, {"model": "accesslevel.commonaccesslevel", "pk": 23, "fields": {"created": "2021-04-12T05:09:27.376Z", "modified": "2021-04-12T05:09:27.376Z", "common_access_level_group": null, "fname": "حسابدار", "ename": null, "description": "", "subjects": [6], "groups": [31], "actions": [4]}}, {"model": "accesslevel.commonaccesslevel", "pk": 24, "fields": {"created": "2021-04-12T05:09:27.387Z", "modified": "2021-04-12T05:09:27.387Z", "common_access_level_group": null, "fname": "حسابرس", "ename": null, "description": "", "subjects": [5], "groups": [31], "actions": [4]}}, {"model": "accesslevel.commonaccesslevel", "pk": 25, "fields": {"created": "2021-04-12T05:10:01.846Z", "modified": "2021-04-12T05:10:01.846Z", "common_access_level_group": null, "fname": "حسابدار خرد", "ename": "sadasd", "description": "asda", "subjects": [1], "groups": [1], "actions": [3]}}, {"model": "accesslevel.commonaccesslevel", "pk": 26, "fields": {"created": "2021-04-12T05:11:37.755Z", "modified": "2021-04-12T05:11:37.755Z", "common_access_level_group": null, "fname": "مدیر مالی", "ename": "asdasd", "description": "", "subjects": [2, 5, 3, 1], "groups": [1, 14], "actions": [3]}}, {"model": "accesslevel.commonaccesslevel", "pk": 27, "fields": {"created": "2021-04-12T05:12:50.061Z", "modified": "2021-04-12T05:12:50.061Z", "common_access_level_group": null, "fname": "کاربر ارشد فروش", "ename": "asdads", "description": "", "subjects": [5], "groups": [16], "actions": []}}, {"model": "accesslevel.commonaccesslevel", "pk": 28, "fields": {"created": "2021-04-12T07:28:32.559Z", "modified": "2021-04-12T07:28:32.559Z", "common_access_level_group": 24, "fname": "مدیر عملیات", "ename": "operation director", "description": "", "subjects": [9], "groups": [21, 37, 38, 20], "actions": []}}, {"model": "accesslevel.commonaccesslevel", "pk": 29, "fields": {"created": "2021-04-12T07:31:58.261Z", "modified": "2021-04-14T05:49:02.181Z", "common_access_level_group": 27, "fname": "انباردار ارشد", "ename": "senior warehouse operator", "description": "", "subjects": [8, 3], "groups": [8, 39, 40, 41, 42, 43], "actions": []}}, {"model": "accesslevel.commonaccesslevel", "pk": 30, "fields": {"created": "2021-04-12T07:34:23.196Z", "modified": "2021-04-12T07:34:23.196Z", "common_access_level_group": 26, "fname": "اوپراتور ارشد هاب", "ename": "Hub Senior Operator", "description": "", "subjects": [2], "groups": [23, 31], "actions": []}}, {"model": "accesslevel.commonaccesslevel", "pk": 31, "fields": {"created": "2021-04-12T07:35:40.565Z", "modified": "2021-04-12T07:35:40.565Z", "common_access_level_group": 25, "fname": "اوپراتور ارشد واردات", "ename": "Import Senior Operator", "description": "", "subjects": [2], "groups": [2, 3, 5, 6, 22, 27, 29, 30, 32], "actions": [4, 5]}}, {"model": "accesslevel.commonaccesslevel", "pk": 32, "fields": {"created": "2021-04-12T07:36:37.654Z", "modified": "2021-04-12T07:36:37.654Z", "common_access_level_group": 25, "fname": "اوپراتور ارشد داخلی", "ename": "Internal Senior Operator", "description": "", "subjects": [5], "groups": [11, 13, 14, 16, 17, 18], "actions": []}}, {"model": "accesslevel.commonaccesslevel", "pk": 33, "fields": {"created": "2021-04-12T07:40:22.875Z", "modified": "2021-04-14T05:46:48.757Z", "common_access_level_group": 28, "fname": "مدیر ارشد سایت", "ename": "Senior Website Manager", "description": "", "subjects": [2, 5, 7, 10, 3, 1, 6], "groups": [1, 2, 3, 5, 6, 7, 9, 10, 11, 13, 14, 15, 16, 17, 18, 19, 22, 27, 29, 30, 32, 34, 44, 46], "actions": [3, 4, 5]}}, {"model": "accesslevel.commonaccesslevel", "pk": 34, "fields": {"created": "2021-04-14T05:43:13.940Z", "modified": "2021-04-14T05:43:13.940Z", "common_access_level_group": null, "fname": "بازاریاب عادی", "ename": "Marketer", "description": "", "subjects": [7], "groups": [24, 26], "actions": []}}, {"model": "accesslevel.commonaccesslevel", "pk": 35, "fields": {"created": "2021-04-14T05:43:47.180Z", "modified": "2021-04-14T05:48:40.592Z", "common_access_level_group": null, "fname": "بازاریاب ارشد", "ename": "Senior Marketer", "description": "", "subjects": [7, 3], "groups": [33, 35, 50, 24, 25, 26, 8], "actions": [7]}}, {"model": "accesslevel.commonaccesslevel", "pk": 36, "fields": {"created": "2021-04-14T05:44:45.887Z", "modified": "2021-04-14T05:44:45.887Z", "common_access_level_group": 25, "fname": "مدیریت بازاریابی شعب", "ename": "Marketing Commisioner", "description": "", "subjects": [7], "groups": [34], "actions": []}}, {"model": "accesslevel.commonaccesslevel", "pk": 37, "fields": {"created": "2021-04-14T05:46:11.439Z", "modified": "2021-04-14T05:48:29.366Z", "common_access_level_group": 31, "fname": "کاربر ارشد مالی", "ename": "Senior Finance Operator", "description": "", "subjects": [10, 3], "groups": [44, 46, 8], "actions": []}}, {"model": "accesslevel.commonaccesslevel", "pk": 38, "fields": {"created": "2021-07-31T08:45:27.566Z", "modified": "2021-10-12T06:00:51.392Z", "common_access_level_group": 34, "fname": "کارشناس فروش", "ename": "Import Sale", "description": "کارشناس فروش واردات", "subjects": [2, 9, 1, 6], "groups": [1, 2, 76, 83, 20, 21, 22, 59, 61, 3], "actions": [3]}}, {"model": "accesslevel.commonaccesslevel", "pk": 39, "fields": {"created": "2021-07-31T10:09:36.595Z", "modified": "2021-08-03T08:16:42.317Z", "common_access_level_group": 34, "fname": "کارشناس ارشد فروش", "ename": "Senior import", "description": "کارشناس ارشد فروش واردات", "subjects": [2, 1, 6], "groups": [1, 2, 72, 73, 76, 22, 59, 61], "actions": [3, 8]}}, {"model": "accesslevel.accesslevelrequest", "pk": 77, "fields": {"created": "2021-05-10T08:51:36.440Z", "modified": "2021-05-11T04:38:02.882Z", "user": null, "negative": false, "common_access_level": 15, "granted": true, "not_granted_desc": null, "granted_by": null, "created_by": 2}}, {"model": "accesslevel.accesslevelrequest", "pk": 79, "fields": {"created": "2021-06-02T04:53:26.312Z", "modified": "2021-06-02T04:57:46.805Z", "user": 2, "negative": false, "common_access_level": 15, "granted": true, "not_granted_desc": null, "granted_by": 2, "created_by": 2}}, {"model": "accesslevel.accesslevelrequest", "pk": 82, "fields": {"created": "2021-09-11T06:21:52.157Z", "modified": "2021-09-11T06:21:52.157Z", "user":null , "negative": false, "common_access_level": 15, "granted": null, "not_granted_desc": null, "granted_by": null, "created_by": null}}, {"model": "accesslevel.userrowcountaccess", "pk": 1, "fields": {"created": "2021-10-21T06:54:33.220Z", "modified": "2021-11-01T08:46:37.423Z", "title": "لیست مشتریان", "user": null, "role": 38, "model_name": "UserProfile", "count_of_row": 20}}, {"model": "accesslevel.userrowcountaccess", "pk": 2, "fields": {"created": "2021-11-01T08:46:30.674Z", "modified": "2021-11-01T08:46:30.674Z", "title": "لیست مشتریان", "user": null, "role": 39, "model_name": "UserProfile", "count_of_row": 50}}]
